Protocol,Port,Domain,Request Status,Screenshot Path, Source Path
http,80,vcsur.rtva.es,Timeout,/home/kali/2023-02-11_172823/screens/http.vcsur.rtva.es.png,/home/kali/2023-02-11_172823/source/http.vcsur.rtva.es.txt
https,443,vcsur.rtva.es,Successful,/home/kali/2023-02-11_172823/screens/https.vcsur.rtva.es.png,/home/kali/2023-02-11_172823/source/https.vcsur.rtva.es.txt
http,80,hermes.rtva.es,Successful,/home/kali/2023-02-11_172823/screens/http.hermes.rtva.es.png,/home/kali/2023-02-11_172823/source/http.hermes.rtva.es.txt
https,443,hermes.rtva.es,Successful,/home/kali/2023-02-11_172823/screens/http.hermes.rtva.es.png,/home/kali/2023-02-11_172823/source/https.hermes.rtva.es.txt
http,80,www.rtva.es,Timeout,/home/kali/2023-02-11_172823/screens/http.www.rtva.es.png,/home/kali/2023-02-11_172823/source/http.www.rtva.es.txt
https,443,www.rtva.es,Timeout,/home/kali/2023-02-11_172823/screens/https.www.rtva.es.png,/home/kali/2023-02-11_172823/source/https.www.rtva.es.txt
http,80,contentmanager.rtva.es,Timeout,/home/kali/2023-02-11_172823/screens/http.contentmanager.rtva.es.png,/home/kali/2023-02-11_172823/source/http.contentmanager.rtva.es.txt
https,443,contentmanager.rtva.es,Successful,/home/kali/2023-02-11_172823/screens/https.contentmanager.rtva.es.png,/home/kali/2023-02-11_172823/source/https.contentmanager.rtva.es.txt
http,80,premio.rtva.es,BadStatus,/home/kali/2023-02-11_172823/screens/http.premio.rtva.es.png,/home/kali/2023-02-11_172823/source/http.premio.rtva.es.txt
https,443,premio.rtva.es,BadStatus,/home/kali/2023-02-11_172823/screens/https.premio.rtva.es.png,/home/kali/2023-02-11_172823/source/https.premio.rtva.es.txt
http,80,drv.rtva.es,Timeout,/home/kali/2023-02-11_172823/screens/http.drv.rtva.es.png,/home/kali/2023-02-11_172823/source/http.drv.rtva.es.txt
https,443,drv.rtva.es,Timeout,/home/kali/2023-02-11_172823/screens/https.drv.rtva.es.png,/home/kali/2023-02-11_172823/source/https.drv.rtva.es.txt
http,80,mcsur.rtva.es,Timeout,/home/kali/2023-02-11_172823/screens/http.mcsur.rtva.es.png,/home/kali/2023-02-11_172823/source/http.mcsur.rtva.es.txt
https,443,mcsur.rtva.es,Timeout,/home/kali/2023-02-11_172823/screens/https.mcsur.rtva.es.png,/home/kali/2023-02-11_172823/source/https.mcsur.rtva.es.txt
http,80,premios.rtva.es,BadStatus,/home/kali/2023-02-11_172823/screens/http.premios.rtva.es.png,/home/kali/2023-02-11_172823/source/http.premios.rtva.es.txt
https,443,premios.rtva.es,BadStatus,/home/kali/2023-02-11_172823/screens/https.premios.rtva.es.png,/home/kali/2023-02-11_172823/source/https.premios.rtva.es.txt
http,80,dcs.rtva.es,Timeout,/home/kali/2023-02-11_172823/screens/http.dcs.rtva.es.png,/home/kali/2023-02-11_172823/source/http.dcs.rtva.es.txt
https,443,dcs.rtva.es,Timeout,/home/kali/2023-02-11_172823/screens/https.dcs.rtva.es.png,/home/kali/2023-02-11_172823/source/https.dcs.rtva.es.txt
http,80,tcsur.rtva.es,Timeout,/home/kali/2023-02-11_172823/screens/http.tcsur.rtva.es.png,/home/kali/2023-02-11_172823/source/http.tcsur.rtva.es.txt
https,443,tcsur.rtva.es,BadStatus,/home/kali/2023-02-11_172823/screens/https.tcsur.rtva.es.png,/home/kali/2023-02-11_172823/source/https.tcsur.rtva.es.txt