URL,80
encuentros.canalsur.es,X,
rtva.canalsur.es,X,
radio.canalsur.es,X,
carnavalsur.canalsur.es,X,
latarde.canalsur.es,X,
28f.canalsur.es,X,
rocio.canalsur.es,X,
navidad.canalsur.es,X,
player.canalsur.es,X,
lasemanamaslarga.canalsur.es,X,
www.canalsur.es,X,
losreporteros.canalsur.es,X,
amp.canalsur.es,X,
defensor.canalsur.es,X,
andaluciadirecto.canalsur.es,X,
www.rocio.canalsur.es,X,
comunidad.canalsur.es,X,
andaluciaproduce.canalsur.es,X,
cometelo.canalsur.es,X,
inv.canalsur.es,X,
sellamacopla.canalsur.es,X,
m.canalsur.es,X,
publicidad.canalsur.es,X,
lanochemashermosa.canalsur.es,X,
ext2.canalsur.es,X,
miralavida.canalsur.es,X,
alacarta.canalsur.es,X,
licitaciones.canalsur.es,X,
ccast.canalsur.es,X,
todocaballo.canalsur.es,X,
rp.canalsur.es,X,
aplicaciones.canalsur.es,X,
inews.canalsur.es,X,
unicot.canalsur.es,X,
pproveedor.canalsur.es,X,
emision.canalsur.es,X,
ext1.canalsur.es,X,
programas.canalsur.es,X,
aniversario4d.canalsur.es,X,
semanasanta.canalsur.es,X,
ext3.canalsur.es,X,
ext4.canalsur.es,X,
sentinel-se.canalsur.es,X,
ofu.canalsur.es,X,
archivo.canalsur.es,X,
www.labanda.canalsur.es,X,
blogs.canalsur.es,X,
labanda.canalsur.es,X,
mensa.canalsur.es,X,
ftp.canalsur.es,X,
cine.canalsur.es,X,
arrayan.canalsur.es,X,
latapaesnuestra.canalsur.es,X,
canalsurproduce.canalsur.es,X,
agqst1.canalsur.es,X,
colga2conmanu.canalsur.es,X,
comunidadd.canalsur.es,X,
memoranda.canalsur.es,X,
canalsur.es,X,
ftp2.canalsur.es,X,
alsur.canalsur.es,X,
informativos.canalsur.es,X,
csrtv-vpn-sj.canalsur.es,X,
who.setzpbennettico.ga,X,
www.canalsur.es,X,
labanda.canalsur.es,X,
www.labanda.es,X,
canalsur.es,X,
suriv.github.io,X,
www.immihelp.com,X,
pproveedor.canalsur.es,X,
ext1.canalsur.es,X,
ftp2.canalsur.es,X,
ext2.canalsur.es,X,
ext3.canalsur.es,X,
ext4.canalsur.es,X,
miralavida.canalsur.es,X,
memoranda.canalsur.es,X,
latapaesnuestra.canalsur.es,X,
mensa.canalsur.es,X,
comunidad.canalsur.es,X,
comunidadd.canalsur.es,X,
emision.canalsur.es,X,
rp.canalsur.es,X,
ftp.canalsur.es,X,
alsur.canalsur.es,X,
blogs.canalsur.es,X,
ofu.canalsur.es,X,
colga2conmanu.canalsur.es,X,
inv.canalsur.es,X,
canalsur.es,X,
www.canalsur.es,X,
ccast.canalsur.es,X,
latienda.canalsur.es,X,
75minutos.canalsur.es,X,
www.75minutos.canalsur.es,X,
nacidasparacantar.canalsur.es,X,
www.nacidasparacantar.canalsur.es,X,