Protocol,Port,Domain,Request Status,Screenshot Path, Source Path
http,80,encuentros.canalsur.es,Timeout,/home/kali/2023-02-11_144245/screens/http.encuentros.canalsur.es.png,/home/kali/2023-02-11_144245/source/http.encuentros.canalsur.es.txt
https,443,encuentros.canalsur.es,Timeout,/home/kali/2023-02-11_144245/screens/https.encuentros.canalsur.es.png,/home/kali/2023-02-11_144245/source/https.encuentros.canalsur.es.txt
http,80,rtva.canalsur.es,Successful,/home/kali/2023-02-11_144245/screens/http.rtva.canalsur.es.png,/home/kali/2023-02-11_144245/source/http.rtva.canalsur.es.txt
https,443,rtva.canalsur.es,Successful,/home/kali/2023-02-11_144245/screens/https.rtva.canalsur.es.png,/home/kali/2023-02-11_144245/source/https.rtva.canalsur.es.txt
http,80,radio.canalsur.es,Timeout,/home/kali/2023-02-11_144245/screens/http.radio.canalsur.es.png,/home/kali/2023-02-11_144245/source/http.radio.canalsur.es.txt
https,443,radio.canalsur.es,Timeout,/home/kali/2023-02-11_144245/screens/https.radio.canalsur.es.png,/home/kali/2023-02-11_144245/source/https.radio.canalsur.es.txt
http,80,carnavalsur.canalsur.es,Timeout,/home/kali/2023-02-11_144245/screens/http.carnavalsur.canalsur.es.png,/home/kali/2023-02-11_144245/source/http.carnavalsur.canalsur.es.txt
https,443,carnavalsur.canalsur.es,Timeout,/home/kali/2023-02-11_144245/screens/https.carnavalsur.canalsur.es.png,/home/kali/2023-02-11_144245/source/https.carnavalsur.canalsur.es.txt
http,80,latarde.canalsur.es,Timeout,/home/kali/2023-02-11_144245/screens/http.latarde.canalsur.es.png,/home/kali/2023-02-11_144245/source/http.latarde.canalsur.es.txt
https,443,latarde.canalsur.es,Timeout,/home/kali/2023-02-11_144245/screens/https.latarde.canalsur.es.png,/home/kali/2023-02-11_144245/source/https.latarde.canalsur.es.txt
http,80,28f.canalsur.es,Timeout,/home/kali/2023-02-11_144245/screens/http.28f.canalsur.es.png,/home/kali/2023-02-11_144245/source/http.28f.canalsur.es.txt
https,443,28f.canalsur.es,Timeout,/home/kali/2023-02-11_144245/screens/https.28f.canalsur.es.png,/home/kali/2023-02-11_144245/source/https.28f.canalsur.es.txt
http,80,rocio.canalsur.es,Timeout,/home/kali/2023-02-11_144245/screens/http.rocio.canalsur.es.png,/home/kali/2023-02-11_144245/source/http.rocio.canalsur.es.txt
https,443,rocio.canalsur.es,Timeout,/home/kali/2023-02-11_144245/screens/https.rocio.canalsur.es.png,/home/kali/2023-02-11_144245/source/https.rocio.canalsur.es.txt
http,80,navidad.canalsur.es,Timeout,/home/kali/2023-02-11_144245/screens/http.navidad.canalsur.es.png,/home/kali/2023-02-11_144245/source/http.navidad.canalsur.es.txt
https,443,navidad.canalsur.es,Timeout,/home/kali/2023-02-11_144245/screens/https.navidad.canalsur.es.png,/home/kali/2023-02-11_144245/source/https.navidad.canalsur.es.txt
http,80,player.canalsur.es,Timeout,/home/kali/2023-02-11_144245/screens/http.player.canalsur.es.png,/home/kali/2023-02-11_144245/source/http.player.canalsur.es.txt
https,443,player.canalsur.es,Timeout,/home/kali/2023-02-11_144245/screens/https.player.canalsur.es.png,/home/kali/2023-02-11_144245/source/https.player.canalsur.es.txt
http,80,lasemanamaslarga.canalsur.es,Timeout,/home/kali/2023-02-11_144245/screens/http.lasemanamaslarga.canalsur.es.png,/home/kali/2023-02-11_144245/source/http.lasemanamaslarga.canalsur.es.txt
https,443,lasemanamaslarga.canalsur.es,Timeout,/home/kali/2023-02-11_144245/screens/https.lasemanamaslarga.canalsur.es.png,/home/kali/2023-02-11_144245/source/https.lasemanamaslarga.canalsur.es.txt
http,80,www.canalsur.es,Timeout,/home/kali/2023-02-11_144245/screens/http.www.canalsur.es.png,/home/kali/2023-02-11_144245/source/http.www.canalsur.es.txt
https,443,www.canalsur.es,Timeout,/home/kali/2023-02-11_144245/screens/https.www.canalsur.es.png,/home/kali/2023-02-11_144245/source/https.www.canalsur.es.txt
http,80,losreporteros.canalsur.es,Timeout,/home/kali/2023-02-11_144245/screens/http.losreporteros.canalsur.es.png,/home/kali/2023-02-11_144245/source/http.losreporteros.canalsur.es.txt
https,443,losreporteros.canalsur.es,Timeout,/home/kali/2023-02-11_144245/screens/https.losreporteros.canalsur.es.png,/home/kali/2023-02-11_144245/source/https.losreporteros.canalsur.es.txt
http,80,amp.canalsur.es,Timeout,/home/kali/2023-02-11_144245/screens/http.amp.canalsur.es.png,/home/kali/2023-02-11_144245/source/http.amp.canalsur.es.txt
https,443,amp.canalsur.es,Timeout,/home/kali/2023-02-11_144245/screens/https.amp.canalsur.es.png,/home/kali/2023-02-11_144245/source/https.amp.canalsur.es.txt
http,80,defensor.canalsur.es,Timeout,/home/kali/2023-02-11_144245/screens/http.defensor.canalsur.es.png,/home/kali/2023-02-11_144245/source/http.defensor.canalsur.es.txt
https,443,defensor.canalsur.es,Timeout,/home/kali/2023-02-11_144245/screens/https.defensor.canalsur.es.png,/home/kali/2023-02-11_144245/source/https.defensor.canalsur.es.txt
http,80,andaluciadirecto.canalsur.es,Timeout,/home/kali/2023-02-11_144245/screens/http.andaluciadirecto.canalsur.es.png,/home/kali/2023-02-11_144245/source/http.andaluciadirecto.canalsur.es.txt
https,443,andaluciadirecto.canalsur.es,Timeout,/home/kali/2023-02-11_144245/screens/https.andaluciadirecto.canalsur.es.png,/home/kali/2023-02-11_144245/source/https.andaluciadirecto.canalsur.es.txt
http,80,www.rocio.canalsur.es,Timeout,/home/kali/2023-02-11_144245/screens/http.www.rocio.canalsur.es.png,/home/kali/2023-02-11_144245/source/http.www.rocio.canalsur.es.txt
https,443,www.rocio.canalsur.es,Timeout,/home/kali/2023-02-11_144245/screens/https.www.rocio.canalsur.es.png,/home/kali/2023-02-11_144245/source/https.www.rocio.canalsur.es.txt
http,80,comunidad.canalsur.es,Timeout,/home/kali/2023-02-11_144245/screens/http.comunidad.canalsur.es.png,/home/kali/2023-02-11_144245/source/http.comunidad.canalsur.es.txt
https,443,comunidad.canalsur.es,Timeout,/home/kali/2023-02-11_144245/screens/https.comunidad.canalsur.es.png,/home/kali/2023-02-11_144245/source/https.comunidad.canalsur.es.txt
http,80,andaluciaproduce.canalsur.es,Timeout,/home/kali/2023-02-11_144245/screens/http.andaluciaproduce.canalsur.es.png,/home/kali/2023-02-11_144245/source/http.andaluciaproduce.canalsur.es.txt
https,443,andaluciaproduce.canalsur.es,Timeout,/home/kali/2023-02-11_144245/screens/https.andaluciaproduce.canalsur.es.png,/home/kali/2023-02-11_144245/source/https.andaluciaproduce.canalsur.es.txt
http,80,cometelo.canalsur.es,Timeout,/home/kali/2023-02-11_144245/screens/http.cometelo.canalsur.es.png,/home/kali/2023-02-11_144245/source/http.cometelo.canalsur.es.txt
https,443,cometelo.canalsur.es,Timeout,/home/kali/2023-02-11_144245/screens/https.cometelo.canalsur.es.png,/home/kali/2023-02-11_144245/source/https.cometelo.canalsur.es.txt
http,80,inv.canalsur.es,Successful,/home/kali/2023-02-11_144245/screens/http.inv.canalsur.es.png,/home/kali/2023-02-11_144245/source/http.inv.canalsur.es.txt
https,443,inv.canalsur.es,Successful,/home/kali/2023-02-11_144245/screens/https.inv.canalsur.es.png,/home/kali/2023-02-11_144245/source/https.inv.canalsur.es.txt
http,80,sellamacopla.canalsur.es,Timeout,/home/kali/2023-02-11_144245/screens/http.sellamacopla.canalsur.es.png,/home/kali/2023-02-11_144245/source/http.sellamacopla.canalsur.es.txt
https,443,sellamacopla.canalsur.es,Timeout,/home/kali/2023-02-11_144245/screens/https.sellamacopla.canalsur.es.png,/home/kali/2023-02-11_144245/source/https.sellamacopla.canalsur.es.txt
http,80,m.canalsur.es,Timeout,/home/kali/2023-02-11_144245/screens/http.m.canalsur.es.png,/home/kali/2023-02-11_144245/source/http.m.canalsur.es.txt
https,443,m.canalsur.es,Timeout,/home/kali/2023-02-11_144245/screens/https.m.canalsur.es.png,/home/kali/2023-02-11_144245/source/https.m.canalsur.es.txt
http,80,publicidad.canalsur.es,Successful,/home/kali/2023-02-11_144245/screens/http.publicidad.canalsur.es.png,/home/kali/2023-02-11_144245/source/http.publicidad.canalsur.es.txt
https,443,publicidad.canalsur.es,Timeout,/home/kali/2023-02-11_144245/screens/https.publicidad.canalsur.es.png,/home/kali/2023-02-11_144245/source/https.publicidad.canalsur.es.txt
http,80,lanochemashermosa.canalsur.es,Timeout,/home/kali/2023-02-11_144245/screens/http.lanochemashermosa.canalsur.es.png,/home/kali/2023-02-11_144245/source/http.lanochemashermosa.canalsur.es.txt
https,443,lanochemashermosa.canalsur.es,Timeout,/home/kali/2023-02-11_144245/screens/https.lanochemashermosa.canalsur.es.png,/home/kali/2023-02-11_144245/source/https.lanochemashermosa.canalsur.es.txt
http,80,ext2.canalsur.es,Timeout,/home/kali/2023-02-11_144245/screens/http.ext2.canalsur.es.png,/home/kali/2023-02-11_144245/source/http.ext2.canalsur.es.txt
https,443,ext2.canalsur.es,Timeout,/home/kali/2023-02-11_144245/screens/https.ext2.canalsur.es.png,/home/kali/2023-02-11_144245/source/https.ext2.canalsur.es.txt
http,80,miralavida.canalsur.es,Successful,/home/kali/2023-02-11_144245/screens/https.miralavida.canalsur.es.png,/home/kali/2023-02-11_144245/source/http.miralavida.canalsur.es.txt
https,443,miralavida.canalsur.es,Successful,/home/kali/2023-02-11_144245/screens/https.miralavida.canalsur.es.png,/home/kali/2023-02-11_144245/source/https.miralavida.canalsur.es.txt
http,80,alacarta.canalsur.es,Timeout,/home/kali/2023-02-11_144245/screens/http.alacarta.canalsur.es.png,/home/kali/2023-02-11_144245/source/http.alacarta.canalsur.es.txt
https,443,alacarta.canalsur.es,Timeout,/home/kali/2023-02-11_144245/screens/https.alacarta.canalsur.es.png,/home/kali/2023-02-11_144245/source/https.alacarta.canalsur.es.txt
http,80,licitaciones.canalsur.es,Successful,/home/kali/2023-02-11_144245/screens/http.rp.canalsur.es.png,/home/kali/2023-02-11_144245/source/http.licitaciones.canalsur.es.txt
https,443,licitaciones.canalsur.es,BadStatus,/home/kali/2023-02-11_144245/screens/http.rp.canalsur.es.png,/home/kali/2023-02-11_144245/source/https.licitaciones.canalsur.es.txt
http,80,ccast.canalsur.es,Timeout,/home/kali/2023-02-11_144245/screens/http.rp.canalsur.es.png,/home/kali/2023-02-11_144245/source/http.ccast.canalsur.es.txt
https,443,ccast.canalsur.es,Successful,/home/kali/2023-02-11_144245/screens/http.rp.canalsur.es.png,/home/kali/2023-02-11_144245/source/https.ccast.canalsur.es.txt
http,80,todocaballo.canalsur.es,Timeout,/home/kali/2023-02-11_144245/screens/http.todocaballo.canalsur.es.png,/home/kali/2023-02-11_144245/source/http.todocaballo.canalsur.es.txt
https,443,todocaballo.canalsur.es,Timeout,/home/kali/2023-02-11_144245/screens/https.todocaballo.canalsur.es.png,/home/kali/2023-02-11_144245/source/https.todocaballo.canalsur.es.txt
http,80,rp.canalsur.es,Timeout,/home/kali/2023-02-11_144245/screens/http.rp.canalsur.es.png,/home/kali/2023-02-11_144245/source/http.rp.canalsur.es.txt
https,443,rp.canalsur.es,Successful,/home/kali/2023-02-11_144245/screens/http.rp.canalsur.es.png,/home/kali/2023-02-11_144245/source/https.rp.canalsur.es.txt
http,80,aplicaciones.canalsur.es,Successful,/home/kali/2023-02-11_144245/screens/http.rp.canalsur.es.png,/home/kali/2023-02-11_144245/source/http.aplicaciones.canalsur.es.txt
https,443,aplicaciones.canalsur.es,BadStatus,/home/kali/2023-02-11_144245/screens/https.aplicaciones.canalsur.es.png,/home/kali/2023-02-11_144245/source/https.aplicaciones.canalsur.es.txt
http,80,inews.canalsur.es,Successful,/home/kali/2023-02-11_144245/screens/http.rp.canalsur.es.png,/home/kali/2023-02-11_144245/source/http.inews.canalsur.es.txt
https,443,inews.canalsur.es,Timeout,/home/kali/2023-02-11_144245/screens/https.inews.canalsur.es.png,/home/kali/2023-02-11_144245/source/https.inews.canalsur.es.txt
http,80,unicot.canalsur.es,Timeout,/home/kali/2023-02-11_144245/screens/http.unicot.canalsur.es.png,/home/kali/2023-02-11_144245/source/http.unicot.canalsur.es.txt
https,443,unicot.canalsur.es,BadStatus,/home/kali/2023-02-11_144245/screens/http.rp.canalsur.es.png,/home/kali/2023-02-11_144245/source/https.unicot.canalsur.es.txt
http,80,pproveedor.canalsur.es,Timeout,/home/kali/2023-02-11_144245/screens/http.pproveedor.canalsur.es.png,/home/kali/2023-02-11_144245/source/http.pproveedor.canalsur.es.txt
https,443,pproveedor.canalsur.es,BadStatus,/home/kali/2023-02-11_144245/screens/http.rp.canalsur.es.png,/home/kali/2023-02-11_144245/source/https.pproveedor.canalsur.es.txt
http,80,emision.canalsur.es,Timeout,/home/kali/2023-02-11_144245/screens/http.emision.canalsur.es.png,/home/kali/2023-02-11_144245/source/http.emision.canalsur.es.txt
https,443,emision.canalsur.es,Timeout,/home/kali/2023-02-11_144245/screens/https.emision.canalsur.es.png,/home/kali/2023-02-11_144245/source/https.emision.canalsur.es.txt
http,80,ext1.canalsur.es,Timeout,/home/kali/2023-02-11_144245/screens/http.ext1.canalsur.es.png,/home/kali/2023-02-11_144245/source/http.ext1.canalsur.es.txt
https,443,ext1.canalsur.es,Timeout,/home/kali/2023-02-11_144245/screens/https.ext1.canalsur.es.png,/home/kali/2023-02-11_144245/source/https.ext1.canalsur.es.txt
http,80,programas.canalsur.es,Timeout,/home/kali/2023-02-11_144245/screens/http.programas.canalsur.es.png,/home/kali/2023-02-11_144245/source/http.programas.canalsur.es.txt
https,443,programas.canalsur.es,Timeout,/home/kali/2023-02-11_144245/screens/https.programas.canalsur.es.png,/home/kali/2023-02-11_144245/source/https.programas.canalsur.es.txt
http,80,aniversario4d.canalsur.es,Timeout,/home/kali/2023-02-11_144245/screens/http.aniversario4d.canalsur.es.png,/home/kali/2023-02-11_144245/source/http.aniversario4d.canalsur.es.txt
https,443,aniversario4d.canalsur.es,Timeout,/home/kali/2023-02-11_144245/screens/https.aniversario4d.canalsur.es.png,/home/kali/2023-02-11_144245/source/https.aniversario4d.canalsur.es.txt
http,80,semanasanta.canalsur.es,Timeout,/home/kali/2023-02-11_144245/screens/http.semanasanta.canalsur.es.png,/home/kali/2023-02-11_144245/source/http.semanasanta.canalsur.es.txt
https,443,semanasanta.canalsur.es,Timeout,/home/kali/2023-02-11_144245/screens/https.semanasanta.canalsur.es.png,/home/kali/2023-02-11_144245/source/https.semanasanta.canalsur.es.txt
http,80,ext3.canalsur.es,Timeout,/home/kali/2023-02-11_144245/screens/https.aplicaciones.canalsur.es.png,/home/kali/2023-02-11_144245/source/http.ext3.canalsur.es.txt
https,443,ext3.canalsur.es,Timeout,/home/kali/2023-02-11_144245/screens/https.ext3.canalsur.es.png,/home/kali/2023-02-11_144245/source/https.ext3.canalsur.es.txt
http,80,ext4.canalsur.es,Timeout,/home/kali/2023-02-11_144245/screens/http.ext4.canalsur.es.png,/home/kali/2023-02-11_144245/source/http.ext4.canalsur.es.txt
https,443,ext4.canalsur.es,Timeout,/home/kali/2023-02-11_144245/screens/https.ext4.canalsur.es.png,/home/kali/2023-02-11_144245/source/https.ext4.canalsur.es.txt
http,80,sentinel-se.canalsur.es,Timeout,/home/kali/2023-02-11_144245/screens/http.sentinel-se.canalsur.es.png,/home/kali/2023-02-11_144245/source/http.sentinel-se.canalsur.es.txt
https,443,sentinel-se.canalsur.es,Timeout,/home/kali/2023-02-11_144245/screens/https.sentinel-se.canalsur.es.png,/home/kali/2023-02-11_144245/source/https.sentinel-se.canalsur.es.txt
http,80,ofu.canalsur.es,Timeout,/home/kali/2023-02-11_144245/screens/https.ofu.canalsur.es.png,/home/kali/2023-02-11_144245/source/http.ofu.canalsur.es.txt
https,443,ofu.canalsur.es,Timeout,/home/kali/2023-02-11_144245/screens/https.ofu.canalsur.es.png,/home/kali/2023-02-11_144245/source/https.ofu.canalsur.es.txt
http,80,archivo.canalsur.es,Timeout,/home/kali/2023-02-11_144245/screens/http.archivo.canalsur.es.png,/home/kali/2023-02-11_144245/source/http.archivo.canalsur.es.txt
https,443,archivo.canalsur.es,BadStatus,/home/kali/2023-02-11_144245/screens/https.archivo.canalsur.es.png,/home/kali/2023-02-11_144245/source/https.archivo.canalsur.es.txt
http,80,www.labanda.canalsur.es,Timeout,/home/kali/2023-02-11_144245/screens/http.www.labanda.canalsur.es.png,/home/kali/2023-02-11_144245/source/http.www.labanda.canalsur.es.txt
https,443,www.labanda.canalsur.es,Successful,/home/kali/2023-02-11_144245/screens/https.www.labanda.canalsur.es.png,/home/kali/2023-02-11_144245/source/https.www.labanda.canalsur.es.txt
http,80,blogs.canalsur.es,Timeout,/home/kali/2023-02-11_144245/screens/http.blogs.canalsur.es.png,/home/kali/2023-02-11_144245/source/http.blogs.canalsur.es.txt
https,443,blogs.canalsur.es,BadStatus,/home/kali/2023-02-11_144245/screens/https.blogs.canalsur.es.png,/home/kali/2023-02-11_144245/source/https.blogs.canalsur.es.txt
http,80,labanda.canalsur.es,Timeout,/home/kali/2023-02-11_144245/screens/http.labanda.canalsur.es.png,/home/kali/2023-02-11_144245/source/http.labanda.canalsur.es.txt
https,443,labanda.canalsur.es,Timeout,/home/kali/2023-02-11_144245/screens/https.labanda.canalsur.es.png,/home/kali/2023-02-11_144245/source/https.labanda.canalsur.es.txt
http,80,mensa.canalsur.es,Timeout,/home/kali/2023-02-11_144245/screens/http.mensa.canalsur.es.png,/home/kali/2023-02-11_144245/source/http.mensa.canalsur.es.txt
https,443,mensa.canalsur.es,Timeout,/home/kali/2023-02-11_144245/screens/https.mensa.canalsur.es.png,/home/kali/2023-02-11_144245/source/https.mensa.canalsur.es.txt
http,80,ftp.canalsur.es,Timeout,/home/kali/2023-02-11_144245/screens/http.ftp.canalsur.es.png,/home/kali/2023-02-11_144245/source/http.ftp.canalsur.es.txt
https,443,ftp.canalsur.es,Timeout,/home/kali/2023-02-11_144245/screens/https.ftp.canalsur.es.png,/home/kali/2023-02-11_144245/source/https.ftp.canalsur.es.txt
http,80,cine.canalsur.es,Timeout,/home/kali/2023-02-11_144245/screens/http.cine.canalsur.es.png,/home/kali/2023-02-11_144245/source/http.cine.canalsur.es.txt
https,443,cine.canalsur.es,Timeout,/home/kali/2023-02-11_144245/screens/https.cine.canalsur.es.png,/home/kali/2023-02-11_144245/source/https.cine.canalsur.es.txt
http,80,arrayan.canalsur.es,Successful,/home/kali/2023-02-11_144245/screens/http.arrayan.canalsur.es.png,/home/kali/2023-02-11_144245/source/http.arrayan.canalsur.es.txt
https,443,arrayan.canalsur.es,Successful,/home/kali/2023-02-11_144245/screens/https.arrayan.canalsur.es.png,/home/kali/2023-02-11_144245/source/https.arrayan.canalsur.es.txt
http,80,latapaesnuestra.canalsur.es,Timeout,/home/kali/2023-02-11_144245/screens/http.latapaesnuestra.canalsur.es.png,/home/kali/2023-02-11_144245/source/http.latapaesnuestra.canalsur.es.txt
https,443,latapaesnuestra.canalsur.es,Timeout,/home/kali/2023-02-11_144245/screens/https.latapaesnuestra.canalsur.es.png,/home/kali/2023-02-11_144245/source/https.latapaesnuestra.canalsur.es.txt
http,80,canalsurproduce.canalsur.es,Timeout,/home/kali/2023-02-11_144245/screens/http.canalsurproduce.canalsur.es.png,/home/kali/2023-02-11_144245/source/http.canalsurproduce.canalsur.es.txt
https,443,canalsurproduce.canalsur.es,Timeout,/home/kali/2023-02-11_144245/screens/https.canalsurproduce.canalsur.es.png,/home/kali/2023-02-11_144245/source/https.canalsurproduce.canalsur.es.txt
http,80,agqst1.canalsur.es,Timeout,/home/kali/2023-02-11_144245/screens/http.agqst1.canalsur.es.png,/home/kali/2023-02-11_144245/source/http.agqst1.canalsur.es.txt
https,443,agqst1.canalsur.es,Successful,/home/kali/2023-02-11_144245/screens/https.agqst1.canalsur.es.png,/home/kali/2023-02-11_144245/source/https.agqst1.canalsur.es.txt
http,80,colga2conmanu.canalsur.es,Successful,/home/kali/2023-02-11_144245/screens/https.colga2conmanu.canalsur.es.png,/home/kali/2023-02-11_144245/source/http.colga2conmanu.canalsur.es.txt
https,443,colga2conmanu.canalsur.es,Successful,/home/kali/2023-02-11_144245/screens/https.colga2conmanu.canalsur.es.png,/home/kali/2023-02-11_144245/source/https.colga2conmanu.canalsur.es.txt
http,80,comunidadd.canalsur.es,Timeout,/home/kali/2023-02-11_144245/screens/http.comunidadd.canalsur.es.png,/home/kali/2023-02-11_144245/source/http.comunidadd.canalsur.es.txt
https,443,comunidadd.canalsur.es,Timeout,/home/kali/2023-02-11_144245/screens/https.comunidadd.canalsur.es.png,/home/kali/2023-02-11_144245/source/https.comunidadd.canalsur.es.txt
http,80,memoranda.canalsur.es,Timeout,/home/kali/2023-02-11_144245/screens/http.memoranda.canalsur.es.png,/home/kali/2023-02-11_144245/source/http.memoranda.canalsur.es.txt
https,443,memoranda.canalsur.es,BadStatus,/home/kali/2023-02-11_144245/screens/https.memoranda.canalsur.es.png,/home/kali/2023-02-11_144245/source/https.memoranda.canalsur.es.txt
http,80,canalsur.es,Timeout,/home/kali/2023-02-11_144245/screens/http.canalsur.es.png,/home/kali/2023-02-11_144245/source/http.canalsur.es.txt
https,443,canalsur.es,Timeout,/home/kali/2023-02-11_144245/screens/https.canalsur.es.png,/home/kali/2023-02-11_144245/source/https.canalsur.es.txt
http,80,ftp2.canalsur.es,Timeout,/home/kali/2023-02-11_144245/screens/http.ftp2.canalsur.es.png,/home/kali/2023-02-11_144245/source/http.ftp2.canalsur.es.txt
https,443,ftp2.canalsur.es,Timeout,/home/kali/2023-02-11_144245/screens/https.ftp2.canalsur.es.png,/home/kali/2023-02-11_144245/source/https.ftp2.canalsur.es.txt
http,80,alsur.canalsur.es,Timeout,/home/kali/2023-02-11_144245/screens/http.alsur.canalsur.es.png,/home/kali/2023-02-11_144245/source/http.alsur.canalsur.es.txt
https,443,alsur.canalsur.es,Timeout,/home/kali/2023-02-11_144245/screens/https.alsur.canalsur.es.png,/home/kali/2023-02-11_144245/source/https.alsur.canalsur.es.txt
http,80,informativos.canalsur.es,Timeout,/home/kali/2023-02-11_144245/screens/http.informativos.canalsur.es.png,/home/kali/2023-02-11_144245/source/http.informativos.canalsur.es.txt
https,443,informativos.canalsur.es,Timeout,/home/kali/2023-02-11_144245/screens/https.informativos.canalsur.es.png,/home/kali/2023-02-11_144245/source/https.informativos.canalsur.es.txt
http,80,csrtv-vpn-sj.canalsur.es,Timeout,/home/kali/2023-02-11_144245/screens/http.csrtv-vpn-sj.canalsur.es.png,/home/kali/2023-02-11_144245/source/http.csrtv-vpn-sj.canalsur.es.txt
https,443,csrtv-vpn-sj.canalsur.es,BadStatus,/home/kali/2023-02-11_144245/screens/https.csrtv-vpn-sj.canalsur.es.png,/home/kali/2023-02-11_144245/source/https.csrtv-vpn-sj.canalsur.es.txt
http,80,who.setzpbennettico.ga,Timeout,/home/kali/2023-02-11_144245/screens/http.who.setzpbennettico.ga.png,/home/kali/2023-02-11_144245/source/http.who.setzpbennettico.ga.txt
https,443,who.setzpbennettico.ga,Timeout,/home/kali/2023-02-11_144245/screens/https.who.setzpbennettico.ga.png,/home/kali/2023-02-11_144245/source/https.who.setzpbennettico.ga.txt
http,80,www.canalsur.es,Timeout,/home/kali/2023-02-11_144245/screens/http.www.canalsur.es.png,/home/kali/2023-02-11_144245/source/http.www.canalsur.es.txt
https,443,www.canalsur.es,Timeout,/home/kali/2023-02-11_144245/screens/https.www.canalsur.es.png,/home/kali/2023-02-11_144245/source/https.www.canalsur.es.txt
http,80,labanda.canalsur.es,Timeout,/home/kali/2023-02-11_144245/screens/http.labanda.canalsur.es.png,/home/kali/2023-02-11_144245/source/http.labanda.canalsur.es.txt
https,443,labanda.canalsur.es,Timeout,/home/kali/2023-02-11_144245/screens/https.labanda.canalsur.es.png,/home/kali/2023-02-11_144245/source/https.labanda.canalsur.es.txt
http,80,www.labanda.es,Timeout,/home/kali/2023-02-11_144245/screens/http.www.labanda.es.png,/home/kali/2023-02-11_144245/source/http.www.labanda.es.txt
https,443,www.labanda.es,Timeout,/home/kali/2023-02-11_144245/screens/https.www.labanda.es.png,/home/kali/2023-02-11_144245/source/https.www.labanda.es.txt
http,80,canalsur.es,Timeout,/home/kali/2023-02-11_144245/screens/http.canalsur.es.png,/home/kali/2023-02-11_144245/source/http.canalsur.es.txt
https,443,canalsur.es,Timeout,/home/kali/2023-02-11_144245/screens/https.canalsur.es.png,/home/kali/2023-02-11_144245/source/https.canalsur.es.txt
http,80,suriv.github.io,Successful,/home/kali/2023-02-11_144245/screens/http.suriv.github.io.png,/home/kali/2023-02-11_144245/source/http.suriv.github.io.txt
https,443,suriv.github.io,Timeout,/home/kali/2023-02-11_144245/screens/https.suriv.github.io.png,/home/kali/2023-02-11_144245/source/https.suriv.github.io.txt
http,80,www.immihelp.com,Timeout,/home/kali/2023-02-11_144245/screens/http.www.immihelp.com.png,/home/kali/2023-02-11_144245/source/http.www.immihelp.com.txt
https,443,www.immihelp.com,Successful,/home/kali/2023-02-11_144245/screens/https.www.immihelp.com.png,/home/kali/2023-02-11_144245/source/https.www.immihelp.com.txt
http,80,pproveedor.canalsur.es,Timeout,/home/kali/2023-02-11_144245/screens/http.pproveedor.canalsur.es.png,/home/kali/2023-02-11_144245/source/http.pproveedor.canalsur.es.txt
https,443,pproveedor.canalsur.es,Timeout,/home/kali/2023-02-11_144245/screens/http.rp.canalsur.es.png,/home/kali/2023-02-11_144245/source/https.pproveedor.canalsur.es.txt
http,80,ext1.canalsur.es,Timeout,/home/kali/2023-02-11_144245/screens/http.ext1.canalsur.es.png,/home/kali/2023-02-11_144245/source/http.ext1.canalsur.es.txt
https,443,ext1.canalsur.es,Timeout,/home/kali/2023-02-11_144245/screens/https.ext1.canalsur.es.png,/home/kali/2023-02-11_144245/source/https.ext1.canalsur.es.txt
http,80,ftp2.canalsur.es,Timeout,/home/kali/2023-02-11_144245/screens/http.ftp2.canalsur.es.png,/home/kali/2023-02-11_144245/source/http.ftp2.canalsur.es.txt
https,443,ftp2.canalsur.es,Timeout,/home/kali/2023-02-11_144245/screens/https.ftp2.canalsur.es.png,/home/kali/2023-02-11_144245/source/https.ftp2.canalsur.es.txt
http,80,ext2.canalsur.es,Timeout,/home/kali/2023-02-11_144245/screens/http.ext2.canalsur.es.png,/home/kali/2023-02-11_144245/source/http.ext2.canalsur.es.txt
https,443,ext2.canalsur.es,Timeout,/home/kali/2023-02-11_144245/screens/https.ext2.canalsur.es.png,/home/kali/2023-02-11_144245/source/https.ext2.canalsur.es.txt
http,80,ext3.canalsur.es,Successful,/home/kali/2023-02-11_144245/screens/https.aplicaciones.canalsur.es.png,/home/kali/2023-02-11_144245/source/http.ext3.canalsur.es.txt
https,443,ext3.canalsur.es,Timeout,/home/kali/2023-02-11_144245/screens/https.ext3.canalsur.es.png,/home/kali/2023-02-11_144245/source/https.ext3.canalsur.es.txt
http,80,ext4.canalsur.es,Timeout,/home/kali/2023-02-11_144245/screens/http.ext4.canalsur.es.png,/home/kali/2023-02-11_144245/source/http.ext4.canalsur.es.txt
https,443,ext4.canalsur.es,Timeout,/home/kali/2023-02-11_144245/screens/https.ext4.canalsur.es.png,/home/kali/2023-02-11_144245/source/https.ext4.canalsur.es.txt
http,80,miralavida.canalsur.es,Successful,/home/kali/2023-02-11_144245/screens/https.miralavida.canalsur.es.png,/home/kali/2023-02-11_144245/source/http.miralavida.canalsur.es.txt
https,443,miralavida.canalsur.es,Successful,/home/kali/2023-02-11_144245/screens/https.miralavida.canalsur.es.png,/home/kali/2023-02-11_144245/source/https.miralavida.canalsur.es.txt
http,80,memoranda.canalsur.es,Timeout,/home/kali/2023-02-11_144245/screens/http.memoranda.canalsur.es.png,/home/kali/2023-02-11_144245/source/http.memoranda.canalsur.es.txt
https,443,memoranda.canalsur.es,BadStatus,/home/kali/2023-02-11_144245/screens/https.memoranda.canalsur.es.png,/home/kali/2023-02-11_144245/source/https.memoranda.canalsur.es.txt
http,80,latapaesnuestra.canalsur.es,Timeout,/home/kali/2023-02-11_144245/screens/http.latapaesnuestra.canalsur.es.png,/home/kali/2023-02-11_144245/source/http.latapaesnuestra.canalsur.es.txt
https,443,latapaesnuestra.canalsur.es,Timeout,/home/kali/2023-02-11_144245/screens/https.latapaesnuestra.canalsur.es.png,/home/kali/2023-02-11_144245/source/https.latapaesnuestra.canalsur.es.txt
http,80,mensa.canalsur.es,Timeout,/home/kali/2023-02-11_144245/screens/http.mensa.canalsur.es.png,/home/kali/2023-02-11_144245/source/http.mensa.canalsur.es.txt
https,443,mensa.canalsur.es,Timeout,/home/kali/2023-02-11_144245/screens/https.mensa.canalsur.es.png,/home/kali/2023-02-11_144245/source/https.mensa.canalsur.es.txt
http,80,comunidad.canalsur.es,Timeout,/home/kali/2023-02-11_144245/screens/http.comunidad.canalsur.es.png,/home/kali/2023-02-11_144245/source/http.comunidad.canalsur.es.txt
https,443,comunidad.canalsur.es,Timeout,/home/kali/2023-02-11_144245/screens/https.comunidad.canalsur.es.png,/home/kali/2023-02-11_144245/source/https.comunidad.canalsur.es.txt
http,80,comunidadd.canalsur.es,Timeout,/home/kali/2023-02-11_144245/screens/http.comunidadd.canalsur.es.png,/home/kali/2023-02-11_144245/source/http.comunidadd.canalsur.es.txt
https,443,comunidadd.canalsur.es,Timeout,/home/kali/2023-02-11_144245/screens/https.comunidadd.canalsur.es.png,/home/kali/2023-02-11_144245/source/https.comunidadd.canalsur.es.txt
http,80,emision.canalsur.es,Timeout,/home/kali/2023-02-11_144245/screens/http.emision.canalsur.es.png,/home/kali/2023-02-11_144245/source/http.emision.canalsur.es.txt
https,443,emision.canalsur.es,Timeout,/home/kali/2023-02-11_144245/screens/https.emision.canalsur.es.png,/home/kali/2023-02-11_144245/source/https.emision.canalsur.es.txt
http,80,rp.canalsur.es,Successful,/home/kali/2023-02-11_144245/screens/http.rp.canalsur.es.png,/home/kali/2023-02-11_144245/source/http.rp.canalsur.es.txt
https,443,rp.canalsur.es,Successful,/home/kali/2023-02-11_144245/screens/http.rp.canalsur.es.png,/home/kali/2023-02-11_144245/source/https.rp.canalsur.es.txt
http,80,ftp.canalsur.es,Timeout,/home/kali/2023-02-11_144245/screens/http.ftp.canalsur.es.png,/home/kali/2023-02-11_144245/source/http.ftp.canalsur.es.txt
https,443,ftp.canalsur.es,Timeout,/home/kali/2023-02-11_144245/screens/https.ftp.canalsur.es.png,/home/kali/2023-02-11_144245/source/https.ftp.canalsur.es.txt
http,80,alsur.canalsur.es,Timeout,/home/kali/2023-02-11_144245/screens/http.alsur.canalsur.es.png,/home/kali/2023-02-11_144245/source/http.alsur.canalsur.es.txt
https,443,alsur.canalsur.es,Timeout,/home/kali/2023-02-11_144245/screens/https.alsur.canalsur.es.png,/home/kali/2023-02-11_144245/source/https.alsur.canalsur.es.txt
http,80,blogs.canalsur.es,Timeout,/home/kali/2023-02-11_144245/screens/http.blogs.canalsur.es.png,/home/kali/2023-02-11_144245/source/http.blogs.canalsur.es.txt
https,443,blogs.canalsur.es,Timeout,/home/kali/2023-02-11_144245/screens/https.blogs.canalsur.es.png,/home/kali/2023-02-11_144245/source/https.blogs.canalsur.es.txt
http,80,ofu.canalsur.es,Successful,/home/kali/2023-02-11_144245/screens/https.ofu.canalsur.es.png,/home/kali/2023-02-11_144245/source/http.ofu.canalsur.es.txt
https,443,ofu.canalsur.es,Successful,/home/kali/2023-02-11_144245/screens/https.ofu.canalsur.es.png,/home/kali/2023-02-11_144245/source/https.ofu.canalsur.es.txt
http,80,colga2conmanu.canalsur.es,Timeout,/home/kali/2023-02-11_144245/screens/https.colga2conmanu.canalsur.es.png,/home/kali/2023-02-11_144245/source/http.colga2conmanu.canalsur.es.txt
https,443,colga2conmanu.canalsur.es,Successful,/home/kali/2023-02-11_144245/screens/https.colga2conmanu.canalsur.es.png,/home/kali/2023-02-11_144245/source/https.colga2conmanu.canalsur.es.txt
http,80,inv.canalsur.es,Successful,/home/kali/2023-02-11_144245/screens/http.inv.canalsur.es.png,/home/kali/2023-02-11_144245/source/http.inv.canalsur.es.txt
https,443,inv.canalsur.es,Timeout,/home/kali/2023-02-11_144245/screens/https.inv.canalsur.es.png,/home/kali/2023-02-11_144245/source/https.inv.canalsur.es.txt
http,80,canalsur.es,Timeout,/home/kali/2023-02-11_144245/screens/http.canalsur.es.png,/home/kali/2023-02-11_144245/source/http.canalsur.es.txt
https,443,canalsur.es,Timeout,/home/kali/2023-02-11_144245/screens/https.canalsur.es.png,/home/kali/2023-02-11_144245/source/https.canalsur.es.txt
http,80,www.canalsur.es,Timeout,/home/kali/2023-02-11_144245/screens/http.www.canalsur.es.png,/home/kali/2023-02-11_144245/source/http.www.canalsur.es.txt
https,443,www.canalsur.es,Timeout,/home/kali/2023-02-11_144245/screens/https.www.canalsur.es.png,/home/kali/2023-02-11_144245/source/https.www.canalsur.es.txt
http,80,ccast.canalsur.es,Successful,/home/kali/2023-02-11_144245/screens/http.rp.canalsur.es.png,/home/kali/2023-02-11_144245/source/http.ccast.canalsur.es.txt
https,443,ccast.canalsur.es,Successful,/home/kali/2023-02-11_144245/screens/http.rp.canalsur.es.png,/home/kali/2023-02-11_144245/source/https.ccast.canalsur.es.txt
http,80,latienda.canalsur.es,Timeout,/home/kali/2023-02-11_144245/screens/http.latienda.canalsur.es.png,/home/kali/2023-02-11_144245/source/http.latienda.canalsur.es.txt
https,443,latienda.canalsur.es,BadStatus,/home/kali/2023-02-11_144245/screens/https.latienda.canalsur.es.png,/home/kali/2023-02-11_144245/source/https.latienda.canalsur.es.txt
http,80,75minutos.canalsur.es,Timeout,/home/kali/2023-02-11_144245/screens/http.75minutos.canalsur.es.png,/home/kali/2023-02-11_144245/source/http.75minutos.canalsur.es.txt
https,443,75minutos.canalsur.es,Timeout,/home/kali/2023-02-11_144245/screens/https.75minutos.canalsur.es.png,/home/kali/2023-02-11_144245/source/https.75minutos.canalsur.es.txt
http,80,www.75minutos.canalsur.es,Timeout,/home/kali/2023-02-11_144245/screens/http.www.75minutos.canalsur.es.png,/home/kali/2023-02-11_144245/source/http.www.75minutos.canalsur.es.txt
https,443,www.75minutos.canalsur.es,Timeout,/home/kali/2023-02-11_144245/screens/https.www.75minutos.canalsur.es.png,/home/kali/2023-02-11_144245/source/https.www.75minutos.canalsur.es.txt
http,80,nacidasparacantar.canalsur.es,Timeout,/home/kali/2023-02-11_144245/screens/http.nacidasparacantar.canalsur.es.png,/home/kali/2023-02-11_144245/source/http.nacidasparacantar.canalsur.es.txt
https,443,nacidasparacantar.canalsur.es,Timeout,/home/kali/2023-02-11_144245/screens/https.nacidasparacantar.canalsur.es.png,/home/kali/2023-02-11_144245/source/https.nacidasparacantar.canalsur.es.txt
http,80,www.nacidasparacantar.canalsur.es,Timeout,/home/kali/2023-02-11_144245/screens/http.www.nacidasparacantar.canalsur.es.png,/home/kali/2023-02-11_144245/source/http.www.nacidasparacantar.canalsur.es.txt
https,443,www.nacidasparacantar.canalsur.es,Timeout,/home/kali/2023-02-11_144245/screens/https.www.nacidasparacantar.canalsur.es.png,/home/kali/2023-02-11_144245/source/https.www.nacidasparacantar.canalsur.es.txt